<?xml version="1.0" encoding="UTF-8"?>
<root>
  <item name="otang.crashreport.config.CrashConfig int getBackgroundMode()">
    <annotation name="androidx.annotation.IntDef">
      <val name="value" val="{otang.crashreport.config.CrashConfig.BACKGROUND_MODE_CRASH, otang.crashreport.config.CrashConfig.BACKGROUND_MODE_SHOW_CUSTOM, otang.crashreport.config.CrashConfig.BACKGROUND_MODE_SILENT}" />
    </annotation>
  </item>
  <item name="otang.crashreport.config.CrashConfig void setBackgroundMode(int) 0">
    <annotation name="androidx.annotation.IntDef">
      <val name="value" val="{otang.crashreport.config.CrashConfig.BACKGROUND_MODE_CRASH, otang.crashreport.config.CrashConfig.BACKGROUND_MODE_SHOW_CUSTOM, otang.crashreport.config.CrashConfig.BACKGROUND_MODE_SILENT}" />
    </annotation>
  </item>
  <item name="otang.crashreport.config.CrashConfig.Builder otang.crashreport.config.CrashConfig.Builder backgroundMode(int) 0">
    <annotation name="androidx.annotation.IntDef">
      <val name="value" val="{otang.crashreport.config.CrashConfig.BACKGROUND_MODE_CRASH, otang.crashreport.config.CrashConfig.BACKGROUND_MODE_SHOW_CUSTOM, otang.crashreport.config.CrashConfig.BACKGROUND_MODE_SILENT}" />
    </annotation>
  </item>
</root>

